location,date,total_cases,new_cases,total_deaths,new_deaths,active_cases
Brazil,2022-01-01,22230737.0,0.0,618392.0,0.0,21612345.0
Brazil,2022-01-02,22287521.0,56784.0,619056.0,664.0,21668465.0
Brazil,2022-01-03,22287521.0,0.0,619056.0,0.0,21668465.0
Brazil,2022-01-04,22287521.0,0.0,619056.0,0.0,21668465.0
Brazil,2022-01-05,22287521.0,0.0,619056.0,0.0,21668465.0
Brazil,2022-01-06,22287521.0,0.0,619056.0,0.0,21668465.0
Brazil,2022-01-07,22287521.0,0.0,619056.0,0.0,21668465.0
Brazil,2022-01-08,22287521.0,0.0,619056.0,0.0,21668465.0
Brazil,2022-01-09,22450222.0,162701.0,619822.0,766.0,21830400.0
Brazil,2022-01-10,22450222.0,0.0,619822.0,0.0,21830400.0
Brazil,2022-01-11,22450222.0,0.0,619822.0,0.0,21830400.0
Brazil,2022-01-12,22450222.0,0.0,619822.0,0.0,21830400.0
Brazil,2022-01-13,22450222.0,0.0,619822.0,0.0,21830400.0
Brazil,2022-01-14,22450222.0,0.0,619822.0,0.0,21830400.0
Brazil,2022-01-15,22450222.0,0.0,619822.0,0.0,21830400.0
Brazil,2022-01-16,22927203.0,476981.0,620796.0,974.0,22306407.0
Brazil,2022-01-17,22927203.0,0.0,620796.0,0.0,22306407.0
Brazil,2022-01-18,22927203.0,0.0,620796.0,0.0,22306407.0
Brazil,2022-01-19,22927203.0,0.0,620796.0,0.0,22306407.0
Brazil,2022-01-20,22927203.0,0.0,620796.0,0.0,22306407.0
Brazil,2022-01-21,22927203.0,0.0,620796.0,0.0,22306407.0
Brazil,2022-01-22,22927203.0,0.0,620796.0,0.0,22306407.0
Brazil,2022-01-23,23751782.0,824579.0,622563.0,1767.0,23129219.0
Brazil,2022-01-24,23751782.0,0.0,622563.0,0.0,23129219.0
Brazil,2022-01-25,23751782.0,0.0,622563.0,0.0,23129219.0
Brazil,2022-01-26,23751782.0,0.0,622563.0,0.0,23129219.0
Brazil,2022-01-27,23751782.0,0.0,622563.0,0.0,23129219.0
Brazil,2022-01-28,23751782.0,0.0,622563.0,0.0,23129219.0
Brazil,2022-01-29,23751782.0,0.0,622563.0,0.0,23129219.0
Brazil,2022-01-30,25034806.0,1283024.0,625884.0,3321.0,24408922.0
Brazil,2022-01-31,25034806.0,0.0,625884.0,0.0,24408922.0
Brazil,2022-02-01,25034806.0,0.0,625884.0,0.0,24408922.0
Brazil,2022-02-02,25034806.0,0.0,625884.0,0.0,24408922.0
Brazil,2022-02-03,25034806.0,0.0,625884.0,0.0,24408922.0
Brazil,2022-02-04,25034806.0,0.0,625884.0,0.0,24408922.0
Brazil,2022-02-05,25034806.0,0.0,625884.0,0.0,24408922.0
Brazil,2022-02-06,26275831.0,1241025.0,630494.0,4610.0,25645337.0
Brazil,2022-02-07,26275831.0,0.0,630494.0,0.0,25645337.0
Brazil,2022-02-08,26275831.0,0.0,630494.0,0.0,25645337.0
Brazil,2022-02-09,26275831.0,0.0,630494.0,0.0,25645337.0
Brazil,2022-02-10,26275831.0,0.0,630494.0,0.0,25645337.0
Brazil,2022-02-11,26275831.0,0.0,630494.0,0.0,25645337.0
Brazil,2022-02-12,26275831.0,0.0,630494.0,0.0,25645337.0
Brazil,2022-02-13,27285509.0,1009678.0,637152.0,6658.0,26648357.0
Brazil,2022-02-14,27285509.0,0.0,637152.0,0.0,26648357.0
Brazil,2022-02-15,27285509.0,0.0,637152.0,0.0,26648357.0
Brazil,2022-02-16,27285509.0,0.0,637152.0,0.0,26648357.0
Brazil,2022-02-17,27285509.0,0.0,637152.0,0.0,26648357.0
Brazil,2022-02-18,27285509.0,0.0,637152.0,0.0,26648357.0
Brazil,2022-02-19,27285509.0,0.0,637152.0,0.0,26648357.0
Brazil,2022-02-20,28058862.0,773353.0,643029.0,5877.0,27415833.0
Brazil,2022-02-21,28058862.0,0.0,643029.0,0.0,27415833.0
Brazil,2022-02-22,28058862.0,0.0,643029.0,0.0,27415833.0
Brazil,2022-02-23,28058862.0,0.0,643029.0,0.0,27415833.0
Brazil,2022-02-24,28058862.0,0.0,643029.0,0.0,27415833.0
Brazil,2022-02-25,28058862.0,0.0,643029.0,0.0,27415833.0
Brazil,2022-02-26,28058862.0,0.0,643029.0,0.0,27415833.0
Brazil,2022-02-27,28578647.0,519785.0,647390.0,4361.0,27931257.0
Brazil,2022-02-28,28578647.0,0.0,647390.0,0.0,27931257.0
Brazil,2022-03-01,28578647.0,0.0,647390.0,0.0,27931257.0
Brazil,2022-03-02,28578647.0,0.0,647390.0,0.0,27931257.0
Brazil,2022-03-03,28578647.0,0.0,647390.0,0.0,27931257.0
Brazil,2022-03-04,28578647.0,0.0,647390.0,0.0,27931257.0
Brazil,2022-03-05,28578647.0,0.0,647390.0,0.0,27931257.0
Brazil,2022-03-06,28973799.0,395152.0,651255.0,3865.0,28322544.0
Brazil,2022-03-07,28973799.0,0.0,651255.0,0.0,28322544.0
Brazil,2022-03-08,28973799.0,0.0,651255.0,0.0,28322544.0
Brazil,2022-03-09,28973799.0,0.0,651255.0,0.0,28322544.0
Brazil,2022-03-10,28973799.0,0.0,651255.0,0.0,28322544.0
Brazil,2022-03-11,28973799.0,0.0,651255.0,0.0,28322544.0
Brazil,2022-03-12,28973799.0,0.0,651255.0,0.0,28322544.0
Brazil,2022-03-13,29305114.0,331315.0,654556.0,3301.0,28650558.0
Brazil,2022-03-14,29305114.0,0.0,654556.0,0.0,28650558.0
Brazil,2022-03-15,29305114.0,0.0,654556.0,0.0,28650558.0
Brazil,2022-03-16,29305114.0,0.0,654556.0,0.0,28650558.0
Brazil,2022-03-17,29305114.0,0.0,654556.0,0.0,28650558.0
Brazil,2022-03-18,29305114.0,0.0,654556.0,0.0,28650558.0
Brazil,2022-03-19,29305114.0,0.0,654556.0,0.0,28650558.0
Brazil,2022-03-20,29573112.0,267998.0,656798.0,2242.0,28916314.0
Brazil,2022-03-21,29573112.0,0.0,656798.0,0.0,28916314.0
Brazil,2022-03-22,29573112.0,0.0,656798.0,0.0,28916314.0
Brazil,2022-03-23,29573112.0,0.0,656798.0,0.0,28916314.0
Brazil,2022-03-24,29573112.0,0.0,656798.0,0.0,28916314.0
Brazil,2022-03-25,29573112.0,0.0,656798.0,0.0,28916314.0
Brazil,2022-03-26,29573112.0,0.0,656798.0,0.0,28916314.0
Brazil,2022-03-27,29802257.0,229145.0,658566.0,1768.0,29143691.0
Brazil,2022-03-28,29802257.0,0.0,658566.0,0.0,29143691.0
Brazil,2022-03-29,29802257.0,0.0,658566.0,0.0,29143691.0
Brazil,2022-03-30,29802257.0,0.0,658566.0,0.0,29143691.0
Brazil,2022-03-31,29802257.0,0.0,658566.0,0.0,29143691.0
Brazil,2022-04-01,29802257.0,0.0,658566.0,0.0,29143691.0
Brazil,2022-04-02,29802257.0,0.0,658566.0,0.0,29143691.0
Brazil,2022-04-03,29975165.0,172908.0,660002.0,1436.0,29315163.0
Brazil,2022-04-04,29975165.0,0.0,660002.0,0.0,29315163.0
Brazil,2022-04-05,29975165.0,0.0,660002.0,0.0,29315163.0
Brazil,2022-04-06,29975165.0,0.0,660002.0,0.0,29315163.0
Brazil,2022-04-07,29975165.0,0.0,660002.0,0.0,29315163.0
Brazil,2022-04-08,29975165.0,0.0,660002.0,0.0,29315163.0
Brazil,2022-04-09,29975165.0,0.0,660002.0,0.0,29315163.0
Brazil,2022-04-10,30123963.0,148798.0,661122.0,1120.0,29462841.0
Brazil,2022-04-11,30123963.0,0.0,661122.0,0.0,29462841.0
Brazil,2022-04-12,30123963.0,0.0,661122.0,0.0,29462841.0
Brazil,2022-04-13,30123963.0,0.0,661122.0,0.0,29462841.0
Brazil,2022-04-14,30123963.0,0.0,661122.0,0.0,29462841.0
Brazil,2022-04-15,30123963.0,0.0,661122.0,0.0,29462841.0
Brazil,2022-04-16,30123963.0,0.0,661122.0,0.0,29462841.0
Brazil,2022-04-17,30247302.0,123339.0,661907.0,785.0,29585395.0
Brazil,2022-04-18,30247302.0,0.0,661907.0,0.0,29585395.0
Brazil,2022-04-19,30247302.0,0.0,661907.0,0.0,29585395.0
Brazil,2022-04-20,30247302.0,0.0,661907.0,0.0,29585395.0
Brazil,2022-04-21,30247302.0,0.0,661907.0,0.0,29585395.0
Brazil,2022-04-22,30247302.0,0.0,661907.0,0.0,29585395.0
Brazil,2022-04-23,30247302.0,0.0,661907.0,0.0,29585395.0
Brazil,2022-04-24,30338697.0,91395.0,662557.0,650.0,29676140.0
Brazil,2022-04-25,30338697.0,0.0,662557.0,0.0,29676140.0
Brazil,2022-04-26,30338697.0,0.0,662557.0,0.0,29676140.0
Brazil,2022-04-27,30338697.0,0.0,662557.0,0.0,29676140.0
Brazil,2022-04-28,30338697.0,0.0,662557.0,0.0,29676140.0
Brazil,2022-04-29,30338697.0,0.0,662557.0,0.0,29676140.0
Brazil,2022-04-30,30338697.0,0.0,662557.0,0.0,29676140.0
Brazil,2022-05-01,30433042.0,94345.0,663410.0,853.0,29769632.0
Brazil,2022-05-02,30433042.0,0.0,663410.0,0.0,29769632.0
Brazil,2022-05-03,30433042.0,0.0,663410.0,0.0,29769632.0
Brazil,2022-05-04,30433042.0,0.0,663410.0,0.0,29769632.0
Brazil,2022-05-05,30433042.0,0.0,663410.0,0.0,29769632.0
Brazil,2022-05-06,30433042.0,0.0,663410.0,0.0,29769632.0
Brazil,2022-05-07,30433042.0,0.0,663410.0,0.0,29769632.0
Brazil,2022-05-08,30543908.0,110866.0,664091.0,681.0,29879817.0
Brazil,2022-05-09,30543908.0,0.0,664091.0,0.0,29879817.0
Brazil,2022-05-10,30543908.0,0.0,664091.0,0.0,29879817.0
Brazil,2022-05-11,30543908.0,0.0,664091.0,0.0,29879817.0
Brazil,2022-05-12,30543908.0,0.0,664091.0,0.0,29879817.0
Brazil,2022-05-13,30543908.0,0.0,664091.0,0.0,29879817.0
Brazil,2022-05-14,30543908.0,0.0,664091.0,0.0,29879817.0
Brazil,2022-05-15,30664739.0,120831.0,664780.0,689.0,29999959.0
Brazil,2022-05-16,30664739.0,0.0,664780.0,0.0,29999959.0
Brazil,2022-05-17,30664739.0,0.0,664780.0,0.0,29999959.0
Brazil,2022-05-18,30664739.0,0.0,664780.0,0.0,29999959.0
Brazil,2022-05-19,30664739.0,0.0,664780.0,0.0,29999959.0
Brazil,2022-05-20,30664739.0,0.0,664780.0,0.0,29999959.0
Brazil,2022-05-21,30664739.0,0.0,664780.0,0.0,29999959.0
Brazil,2022-05-22,30762413.0,97674.0,665493.0,713.0,30096920.0
Brazil,2022-05-23,30762413.0,0.0,665493.0,0.0,30096920.0
Brazil,2022-05-24,30762413.0,0.0,665493.0,0.0,30096920.0
Brazil,2022-05-25,30762413.0,0.0,665493.0,0.0,30096920.0
Brazil,2022-05-26,30762413.0,0.0,665493.0,0.0,30096920.0
Brazil,2022-05-27,30762413.0,0.0,665493.0,0.0,30096920.0
Brazil,2022-05-28,30762413.0,0.0,665493.0,0.0,30096920.0
Brazil,2022-05-29,30921145.0,158732.0,666319.0,826.0,30254826.0
Brazil,2022-05-30,30921145.0,0.0,666319.0,0.0,30254826.0
Brazil,2022-05-31,30921145.0,0.0,666319.0,0.0,30254826.0
Brazil,2022-06-01,30921145.0,0.0,666319.0,0.0,30254826.0
Brazil,2022-06-02,30921145.0,0.0,666319.0,0.0,30254826.0
Brazil,2022-06-03,30921145.0,0.0,666319.0,0.0,30254826.0
Brazil,2022-06-04,30921145.0,0.0,666319.0,0.0,30254826.0
Brazil,2022-06-05,31137479.0,216334.0,666971.0,652.0,30470508.0
Brazil,2022-06-06,31137479.0,0.0,666971.0,0.0,30470508.0
Brazil,2022-06-07,31137479.0,0.0,666971.0,0.0,30470508.0
Brazil,2022-06-08,31137479.0,0.0,666971.0,0.0,30470508.0
Brazil,2022-06-09,31137479.0,0.0,666971.0,0.0,30470508.0
Brazil,2022-06-10,31137479.0,0.0,666971.0,0.0,30470508.0
Brazil,2022-06-11,31137479.0,0.0,666971.0,0.0,30470508.0
Brazil,2022-06-12,31417341.0,279862.0,667960.0,989.0,30749381.0
Brazil,2022-06-13,31417341.0,0.0,667960.0,0.0,30749381.0
Brazil,2022-06-14,31417341.0,0.0,667960.0,0.0,30749381.0
Brazil,2022-06-15,31417341.0,0.0,667960.0,0.0,30749381.0
Brazil,2022-06-16,31417341.0,0.0,667960.0,0.0,30749381.0
Brazil,2022-06-17,31417341.0,0.0,667960.0,0.0,30749381.0
Brazil,2022-06-18,31417341.0,0.0,667960.0,0.0,30749381.0
Brazil,2022-06-19,31673375.0,256034.0,668916.0,956.0,31004459.0
Brazil,2022-06-20,31673375.0,0.0,668916.0,0.0,31004459.0
Brazil,2022-06-21,31673375.0,0.0,668916.0,0.0,31004459.0
Brazil,2022-06-22,31673375.0,0.0,668916.0,0.0,31004459.0
Brazil,2022-06-23,31673375.0,0.0,668916.0,0.0,31004459.0
Brazil,2022-06-24,31673375.0,0.0,668916.0,0.0,31004459.0
Brazil,2022-06-25,31673375.0,0.0,668916.0,0.0,31004459.0
Brazil,2022-06-26,32023166.0,349791.0,670229.0,1313.0,31352937.0
Brazil,2022-06-27,32023166.0,0.0,670229.0,0.0,31352937.0
Brazil,2022-06-28,32023166.0,0.0,670229.0,0.0,31352937.0
Brazil,2022-06-29,32023166.0,0.0,670229.0,0.0,31352937.0
Brazil,2022-06-30,32023166.0,0.0,670229.0,0.0,31352937.0
Brazil,2022-07-01,32023166.0,0.0,670229.0,0.0,31352937.0
Brazil,2022-07-02,32023166.0,0.0,670229.0,0.0,31352937.0
Brazil,2022-07-03,32434063.0,410897.0,671700.0,1471.0,31762363.0
Brazil,2022-07-04,32434063.0,0.0,671700.0,0.0,31762363.0
Brazil,2022-07-05,32434063.0,0.0,671700.0,0.0,31762363.0
Brazil,2022-07-06,32434063.0,0.0,671700.0,0.0,31762363.0
Brazil,2022-07-07,32434063.0,0.0,671700.0,0.0,31762363.0
Brazil,2022-07-08,32434063.0,0.0,671700.0,0.0,31762363.0
Brazil,2022-07-09,32434063.0,0.0,671700.0,0.0,31762363.0
Brazil,2022-07-10,32830844.0,396781.0,673339.0,1639.0,32157505.0
Brazil,2022-07-11,32830844.0,0.0,673339.0,0.0,32157505.0
Brazil,2022-07-12,32830844.0,0.0,673339.0,0.0,32157505.0
Brazil,2022-07-13,32830844.0,0.0,673339.0,0.0,32157505.0
Brazil,2022-07-14,32830844.0,0.0,673339.0,0.0,32157505.0
Brazil,2022-07-15,32830844.0,0.0,673339.0,0.0,32157505.0
Brazil,2022-07-16,32830844.0,0.0,673339.0,0.0,32157505.0
Brazil,2022-07-17,33250117.0,419273.0,675090.0,1751.0,32575027.0
Brazil,2022-07-18,33250117.0,0.0,675090.0,0.0,32575027.0
Brazil,2022-07-19,33250117.0,0.0,675090.0,0.0,32575027.0
Brazil,2022-07-20,33250117.0,0.0,675090.0,0.0,32575027.0
Brazil,2022-07-21,33250117.0,0.0,675090.0,0.0,32575027.0
Brazil,2022-07-22,33250117.0,0.0,675090.0,0.0,32575027.0
Brazil,2022-07-23,33250117.0,0.0,675090.0,0.0,32575027.0
Brazil,2022-07-24,33505727.0,255610.0,676486.0,1396.0,32829241.0
Brazil,2022-07-25,33505727.0,0.0,676486.0,0.0,32829241.0
Brazil,2022-07-26,33505727.0,0.0,676486.0,0.0,32829241.0
Brazil,2022-07-27,33505727.0,0.0,676486.0,0.0,32829241.0
Brazil,2022-07-28,33505727.0,0.0,676486.0,0.0,32829241.0
Brazil,2022-07-29,33505727.0,0.0,676486.0,0.0,32829241.0
Brazil,2022-07-30,33505727.0,0.0,676486.0,0.0,32829241.0
Brazil,2022-07-31,33790698.0,284971.0,678313.0,1827.0,33112385.0
Brazil,2022-08-01,33790698.0,0.0,678313.0,0.0,33112385.0
Brazil,2022-08-02,33790698.0,0.0,678313.0,0.0,33112385.0
Brazil,2022-08-03,33790698.0,0.0,678313.0,0.0,33112385.0
Brazil,2022-08-04,33790698.0,0.0,678313.0,0.0,33112385.0
Brazil,2022-08-05,33790698.0,0.0,678313.0,0.0,33112385.0
Brazil,2022-08-06,33790698.0,0.0,678313.0,0.0,33112385.0
Brazil,2022-08-07,33994470.0,203772.0,679758.0,1445.0,33314712.0
Brazil,2022-08-08,33994470.0,0.0,679758.0,0.0,33314712.0
Brazil,2022-08-09,33994470.0,0.0,679758.0,0.0,33314712.0
Brazil,2022-08-10,33994470.0,0.0,679758.0,0.0,33314712.0
Brazil,2022-08-11,33994470.0,0.0,679758.0,0.0,33314712.0
Brazil,2022-08-12,33994470.0,0.0,679758.0,0.0,33314712.0
Brazil,2022-08-13,33994470.0,0.0,679758.0,0.0,33314712.0
Brazil,2022-08-14,34148131.0,153661.0,681253.0,1495.0,33466878.0
Brazil,2022-08-15,34148131.0,0.0,681253.0,0.0,33466878.0
Brazil,2022-08-16,34148131.0,0.0,681253.0,0.0,33466878.0
Brazil,2022-08-17,34148131.0,0.0,681253.0,0.0,33466878.0
Brazil,2022-08-18,34148131.0,0.0,681253.0,0.0,33466878.0
Brazil,2022-08-19,34148131.0,0.0,681253.0,0.0,33466878.0
Brazil,2022-08-20,34148131.0,0.0,681253.0,0.0,33466878.0
Brazil,2022-08-21,34264237.0,116106.0,682358.0,1105.0,33581879.0
Brazil,2022-08-22,34264237.0,0.0,682358.0,0.0,33581879.0
Brazil,2022-08-23,34264237.0,0.0,682358.0,0.0,33581879.0
Brazil,2022-08-24,34264237.0,0.0,682358.0,0.0,33581879.0
Brazil,2022-08-25,34264237.0,0.0,682358.0,0.0,33581879.0
Brazil,2022-08-26,34264237.0,0.0,682358.0,0.0,33581879.0
Brazil,2022-08-27,34264237.0,0.0,682358.0,0.0,33581879.0
Brazil,2022-08-28,34368909.0,104672.0,683397.0,1039.0,33685512.0
Brazil,2022-08-29,34368909.0,0.0,683397.0,0.0,33685512.0
Brazil,2022-08-30,34368909.0,0.0,683397.0,0.0,33685512.0
Brazil,2022-08-31,34368909.0,0.0,683397.0,0.0,33685512.0
Brazil,2022-09-01,34368909.0,0.0,683397.0,0.0,33685512.0
Brazil,2022-09-02,34368909.0,0.0,683397.0,0.0,33685512.0
Brazil,2022-09-03,34368909.0,0.0,683397.0,0.0,33685512.0
Brazil,2022-09-04,34456145.0,87236.0,684262.0,865.0,33771883.0
Brazil,2022-09-05,34456145.0,0.0,684262.0,0.0,33771883.0
Brazil,2022-09-06,34456145.0,0.0,684262.0,0.0,33771883.0
Brazil,2022-09-07,34456145.0,0.0,684262.0,0.0,33771883.0
Brazil,2022-09-08,34456145.0,0.0,684262.0,0.0,33771883.0
Brazil,2022-09-09,34456145.0,0.0,684262.0,0.0,33771883.0
Brazil,2022-09-10,34456145.0,0.0,684262.0,0.0,33771883.0
Brazil,2022-09-11,34516739.0,60594.0,684813.0,551.0,33831926.0
Brazil,2022-09-12,34516739.0,0.0,684813.0,0.0,33831926.0
Brazil,2022-09-13,34516739.0,0.0,684813.0,0.0,33831926.0
Brazil,2022-09-14,34516739.0,0.0,684813.0,0.0,33831926.0
Brazil,2022-09-15,34516739.0,0.0,684813.0,0.0,33831926.0
Brazil,2022-09-16,34516739.0,0.0,684813.0,0.0,33831926.0
Brazil,2022-09-17,34516739.0,0.0,684813.0,0.0,33831926.0
Brazil,2022-09-18,34579085.0,62346.0,685300.0,487.0,33893785.0
Brazil,2022-09-19,34579085.0,0.0,685300.0,0.0,33893785.0
Brazil,2022-09-20,34579085.0,0.0,685300.0,0.0,33893785.0
Brazil,2022-09-21,34579085.0,0.0,685300.0,0.0,33893785.0
Brazil,2022-09-22,34579085.0,0.0,685300.0,0.0,33893785.0
Brazil,2022-09-23,34579085.0,0.0,685300.0,0.0,33893785.0
Brazil,2022-09-24,34579085.0,0.0,685300.0,0.0,33893785.0
Brazil,2022-09-25,34624427.0,45342.0,685750.0,450.0,33938677.0
Brazil,2022-09-26,34624427.0,0.0,685750.0,0.0,33938677.0
Brazil,2022-09-27,34624427.0,0.0,685750.0,0.0,33938677.0
Brazil,2022-09-28,34624427.0,0.0,685750.0,0.0,33938677.0
Brazil,2022-09-29,34624427.0,0.0,685750.0,0.0,33938677.0
Brazil,2022-09-30,34624427.0,0.0,685750.0,0.0,33938677.0
Brazil,2022-10-01,34624427.0,0.0,685750.0,0.0,33938677.0
Brazil,2022-10-02,34672524.0,48097.0,686036.0,286.0,33986488.0
Brazil,2022-10-03,34672524.0,0.0,686036.0,0.0,33986488.0
Brazil,2022-10-04,34672524.0,0.0,686036.0,0.0,33986488.0
Brazil,2022-10-05,34672524.0,0.0,686036.0,0.0,33986488.0
Brazil,2022-10-06,34672524.0,0.0,686036.0,0.0,33986488.0
Brazil,2022-10-07,34672524.0,0.0,686036.0,0.0,33986488.0
Brazil,2022-10-08,34672524.0,0.0,686036.0,0.0,33986488.0
Brazil,2022-10-09,34715137.0,42613.0,686803.0,767.0,34028334.0
Brazil,2022-10-10,34715137.0,0.0,686803.0,0.0,34028334.0
Brazil,2022-10-11,34715137.0,0.0,686803.0,0.0,34028334.0
Brazil,2022-10-12,34715137.0,0.0,686803.0,0.0,34028334.0
Brazil,2022-10-13,34715137.0,0.0,686803.0,0.0,34028334.0
Brazil,2022-10-14,34715137.0,0.0,686803.0,0.0,34028334.0
Brazil,2022-10-15,34715137.0,0.0,686803.0,0.0,34028334.0
Brazil,2022-10-16,34746462.0,31325.0,687144.0,341.0,34059318.0
Brazil,2022-10-17,34746462.0,0.0,687144.0,0.0,34059318.0
Brazil,2022-10-18,34746462.0,0.0,687144.0,0.0,34059318.0
Brazil,2022-10-19,34746462.0,0.0,687144.0,0.0,34059318.0
Brazil,2022-10-20,34746462.0,0.0,687144.0,0.0,34059318.0
Brazil,2022-10-21,34746462.0,0.0,687144.0,0.0,34059318.0
Brazil,2022-10-22,34746462.0,0.0,687144.0,0.0,34059318.0
Brazil,2022-10-23,34780642.0,34180.0,687527.0,383.0,34093115.0
Brazil,2022-10-24,34780642.0,0.0,687527.0,0.0,34093115.0
Brazil,2022-10-25,34780642.0,0.0,687527.0,0.0,34093115.0
Brazil,2022-10-26,34780642.0,0.0,687527.0,0.0,34093115.0
Brazil,2022-10-27,34780642.0,0.0,687527.0,0.0,34093115.0
Brazil,2022-10-28,34780642.0,0.0,687527.0,0.0,34093115.0
Brazil,2022-10-29,34780642.0,0.0,687527.0,0.0,34093115.0
Brazil,2022-10-30,34822227.0,41585.0,688080.0,553.0,34134147.0
Brazil,2022-10-31,34822227.0,0.0,688080.0,0.0,34134147.0
Brazil,2022-11-01,34822227.0,0.0,688080.0,0.0,34134147.0
Brazil,2022-11-02,34822227.0,0.0,688080.0,0.0,34134147.0
Brazil,2022-11-03,34822227.0,0.0,688080.0,0.0,34134147.0
Brazil,2022-11-04,34822227.0,0.0,688080.0,0.0,34134147.0
Brazil,2022-11-05,34822227.0,0.0,688080.0,0.0,34134147.0
Brazil,2022-11-06,34849063.0,26836.0,688332.0,252.0,34160731.0
Brazil,2022-11-07,34849063.0,0.0,688332.0,0.0,34160731.0
Brazil,2022-11-08,34849063.0,0.0,688332.0,0.0,34160731.0
Brazil,2022-11-09,34849063.0,0.0,688332.0,0.0,34160731.0
Brazil,2022-11-10,34849063.0,0.0,688332.0,0.0,34160731.0
Brazil,2022-11-11,34849063.0,0.0,688332.0,0.0,34160731.0
Brazil,2022-11-12,34849063.0,0.0,688332.0,0.0,34160731.0
Brazil,2022-11-13,34908198.0,59135.0,688656.0,324.0,34219542.0
Brazil,2022-11-14,34908198.0,0.0,688656.0,0.0,34219542.0
Brazil,2022-11-15,34908198.0,0.0,688656.0,0.0,34219542.0
Brazil,2022-11-16,34908198.0,0.0,688656.0,0.0,34219542.0
Brazil,2022-11-17,34908198.0,0.0,688656.0,0.0,34219542.0
Brazil,2022-11-18,34908198.0,0.0,688656.0,0.0,34219542.0
Brazil,2022-11-19,34908198.0,0.0,688656.0,0.0,34219542.0
Brazil,2022-11-20,34999495.0,91297.0,688907.0,251.0,34310588.0
Brazil,2022-11-21,34999495.0,0.0,688907.0,0.0,34310588.0
Brazil,2022-11-22,34999495.0,0.0,688907.0,0.0,34310588.0
Brazil,2022-11-23,34999495.0,0.0,688907.0,0.0,34310588.0
Brazil,2022-11-24,34999495.0,0.0,688907.0,0.0,34310588.0
Brazil,2022-11-25,34999495.0,0.0,688907.0,0.0,34310588.0
Brazil,2022-11-26,34999495.0,0.0,688907.0,0.0,34310588.0
Brazil,2022-11-27,35149503.0,150008.0,689442.0,535.0,34460061.0
Brazil,2022-11-28,35149503.0,0.0,689442.0,0.0,34460061.0
Brazil,2022-11-29,35149503.0,0.0,689442.0,0.0,34460061.0
Brazil,2022-11-30,35149503.0,0.0,689442.0,0.0,34460061.0
Brazil,2022-12-01,35149503.0,0.0,689442.0,0.0,34460061.0
Brazil,2022-12-02,35149503.0,0.0,689442.0,0.0,34460061.0
Brazil,2022-12-03,35149503.0,0.0,689442.0,0.0,34460061.0
Brazil,2022-12-04,35337546.0,188043.0,690074.0,632.0,34647472.0
Brazil,2022-12-05,35337546.0,0.0,690074.0,0.0,34647472.0
Brazil,2022-12-06,35337546.0,0.0,690074.0,0.0,34647472.0
Brazil,2022-12-07,35337546.0,0.0,690074.0,0.0,34647472.0
Brazil,2022-12-08,35337546.0,0.0,690074.0,0.0,34647472.0
Brazil,2022-12-09,35337546.0,0.0,690074.0,0.0,34647472.0
Brazil,2022-12-10,35337546.0,0.0,690074.0,0.0,34647472.0
Brazil,2022-12-11,35531716.0,194170.0,690677.0,603.0,34841039.0
Brazil,2022-12-12,35531716.0,0.0,690677.0,0.0,34841039.0
Brazil,2022-12-13,35531716.0,0.0,690677.0,0.0,34841039.0
Brazil,2022-12-14,35531716.0,0.0,690677.0,0.0,34841039.0
Brazil,2022-12-15,35531716.0,0.0,690677.0,0.0,34841039.0
Brazil,2022-12-16,35531716.0,0.0,690677.0,0.0,34841039.0
Brazil,2022-12-17,35531716.0,0.0,690677.0,0.0,34841039.0
Brazil,2022-12-18,35869526.0,337810.0,691810.0,1133.0,35177716.0
Brazil,2022-12-19,35869526.0,0.0,691810.0,0.0,35177716.0
Brazil,2022-12-20,35869526.0,0.0,691810.0,0.0,35177716.0
Brazil,2022-12-21,35869526.0,0.0,691810.0,0.0,35177716.0
Brazil,2022-12-22,35869526.0,0.0,691810.0,0.0,35177716.0
Brazil,2022-12-23,35869526.0,0.0,691810.0,0.0,35177716.0
Brazil,2022-12-24,35869526.0,0.0,691810.0,0.0,35177716.0
Brazil,2022-12-25,36124337.0,254811.0,692743.0,933.0,35431594.0
Brazil,2022-12-26,36124337.0,0.0,692743.0,0.0,35431594.0
Brazil,2022-12-27,36124337.0,0.0,692743.0,0.0,35431594.0
Brazil,2022-12-28,36124337.0,0.0,692743.0,0.0,35431594.0
Brazil,2022-12-29,36124337.0,0.0,692743.0,0.0,35431594.0
Brazil,2022-12-30,36124337.0,0.0,692743.0,0.0,35431594.0
Brazil,2022-12-31,36124337.0,0.0,692743.0,0.0,35431594.0
Brazil,2023-01-01,36331281.0,206944.0,693853.0,1110.0,35637428.0
Brazil,2023-01-02,36331281.0,0.0,693853.0,0.0,35637428.0
Brazil,2023-01-03,36331281.0,0.0,693853.0,0.0,35637428.0
Brazil,2023-01-04,36331281.0,0.0,693853.0,0.0,35637428.0
Brazil,2023-01-05,36331281.0,0.0,693853.0,0.0,35637428.0
Brazil,2023-01-06,36331281.0,0.0,693853.0,0.0,35637428.0
Brazil,2023-01-07,36331281.0,0.0,693853.0,0.0,35637428.0
Brazil,2023-01-08,36477214.0,145933.0,694779.0,926.0,35782435.0
Brazil,2023-01-09,36477214.0,0.0,694779.0,0.0,35782435.0
Brazil,2023-01-10,36477214.0,0.0,694779.0,0.0,35782435.0
Brazil,2023-01-11,36477214.0,0.0,694779.0,0.0,35782435.0
Brazil,2023-01-12,36477214.0,0.0,694779.0,0.0,35782435.0
Brazil,2023-01-13,36477214.0,0.0,694779.0,0.0,35782435.0
Brazil,2023-01-14,36477214.0,0.0,694779.0,0.0,35782435.0
Brazil,2023-01-15,36597935.0,120721.0,695236.0,457.0,35902699.0
Brazil,2023-01-16,36597935.0,0.0,695236.0,0.0,35902699.0
Brazil,2023-01-17,36597935.0,0.0,695236.0,0.0,35902699.0
Brazil,2023-01-18,36597935.0,0.0,695236.0,0.0,35902699.0
Brazil,2023-01-19,36597935.0,0.0,695236.0,0.0,35902699.0
Brazil,2023-01-20,36597935.0,0.0,695236.0,0.0,35902699.0
Brazil,2023-01-21,36597935.0,0.0,695236.0,0.0,35902699.0
Brazil,2023-01-22,36712851.0,114916.0,696188.0,952.0,36016663.0
Brazil,2023-01-23,36712851.0,0.0,696188.0,0.0,36016663.0
Brazil,2023-01-24,36712851.0,0.0,696188.0,0.0,36016663.0
Brazil,2023-01-25,36712851.0,0.0,696188.0,0.0,36016663.0
Brazil,2023-01-26,36712851.0,0.0,696188.0,0.0,36016663.0
Brazil,2023-01-27,36712851.0,0.0,696188.0,0.0,36016663.0
Brazil,2023-01-28,36712851.0,0.0,696188.0,0.0,36016663.0
Brazil,2023-01-29,36791267.0,78416.0,696742.0,554.0,36094525.0
Brazil,2023-01-30,36791267.0,0.0,696742.0,0.0,36094525.0
Brazil,2023-01-31,36791267.0,0.0,696742.0,0.0,36094525.0
Brazil,2023-02-01,36791267.0,0.0,696742.0,0.0,36094525.0
Brazil,2023-02-02,36791267.0,0.0,696742.0,0.0,36094525.0
Brazil,2023-02-03,36791267.0,0.0,696742.0,0.0,36094525.0
Brazil,2023-02-04,36791267.0,0.0,696742.0,0.0,36094525.0
Brazil,2023-02-05,36866658.0,75391.0,697345.0,603.0,36169313.0
Brazil,2023-02-06,36866658.0,0.0,697345.0,0.0,36169313.0
Brazil,2023-02-07,36866658.0,0.0,697345.0,0.0,36169313.0
Brazil,2023-02-08,36866658.0,0.0,697345.0,0.0,36169313.0
Brazil,2023-02-09,36866658.0,0.0,697345.0,0.0,36169313.0
Brazil,2023-02-10,36866658.0,0.0,697345.0,0.0,36169313.0
Brazil,2023-02-11,36866658.0,0.0,697345.0,0.0,36169313.0
Brazil,2023-02-12,36930339.0,63681.0,697662.0,317.0,36232677.0
Brazil,2023-02-13,36930339.0,0.0,697662.0,0.0,36232677.0
Brazil,2023-02-14,36930339.0,0.0,697662.0,0.0,36232677.0
Brazil,2023-02-15,36930339.0,0.0,697662.0,0.0,36232677.0
Brazil,2023-02-16,36930339.0,0.0,697662.0,0.0,36232677.0
Brazil,2023-02-17,36930339.0,0.0,697662.0,0.0,36232677.0
Brazil,2023-02-18,36930339.0,0.0,697662.0,0.0,36232677.0
Brazil,2023-02-19,36987682.0,57343.0,698047.0,385.0,36289635.0
Brazil,2023-02-20,36987682.0,0.0,698047.0,0.0,36289635.0
Brazil,2023-02-21,36987682.0,0.0,698047.0,0.0,36289635.0
Brazil,2023-02-22,36987682.0,0.0,698047.0,0.0,36289635.0
Brazil,2023-02-23,36987682.0,0.0,698047.0,0.0,36289635.0
Brazil,2023-02-24,36987682.0,0.0,698047.0,0.0,36289635.0
Brazil,2023-02-25,36987682.0,0.0,698047.0,0.0,36289635.0
Brazil,2023-02-26,37020531.0,32849.0,698928.0,881.0,36321603.0
Brazil,2023-02-27,37020531.0,0.0,698928.0,0.0,36321603.0
Brazil,2023-02-28,37020531.0,0.0,698928.0,0.0,36321603.0
Brazil,2023-03-01,37020531.0,0.0,698928.0,0.0,36321603.0
Brazil,2023-03-02,37020531.0,0.0,698928.0,0.0,36321603.0
Brazil,2023-03-03,37020531.0,0.0,698928.0,0.0,36321603.0
Brazil,2023-03-04,37020531.0,0.0,698928.0,0.0,36321603.0
Brazil,2023-03-05,37076053.0,55522.0,699276.0,348.0,36376777.0
Brazil,2023-03-06,37076053.0,0.0,699276.0,0.0,36376777.0
Brazil,2023-03-07,37076053.0,0.0,699276.0,0.0,36376777.0
Brazil,2023-03-08,37076053.0,0.0,699276.0,0.0,36376777.0
Brazil,2023-03-09,37076053.0,0.0,699276.0,0.0,36376777.0
Brazil,2023-03-10,37076053.0,0.0,699276.0,0.0,36376777.0
Brazil,2023-03-11,37076053.0,0.0,699276.0,0.0,36376777.0
Brazil,2023-03-12,37085520.0,9467.0,699310.0,34.0,36386210.0
Brazil,2023-03-13,37085520.0,0.0,699310.0,0.0,36386210.0
Brazil,2023-03-14,37085520.0,0.0,699310.0,0.0,36386210.0
Brazil,2023-03-15,37085520.0,0.0,699310.0,0.0,36386210.0
Brazil,2023-03-16,37085520.0,0.0,699310.0,0.0,36386210.0
Brazil,2023-03-17,37085520.0,0.0,699310.0,0.0,36386210.0
Brazil,2023-03-18,37085520.0,0.0,699310.0,0.0,36386210.0
Brazil,2023-03-19,37145514.0,59994.0,699634.0,324.0,36445880.0
Brazil,2023-03-20,37145514.0,0.0,699634.0,0.0,36445880.0
Brazil,2023-03-21,37145514.0,0.0,699634.0,0.0,36445880.0
Brazil,2023-03-22,37145514.0,0.0,699634.0,0.0,36445880.0
Brazil,2023-03-23,37145514.0,0.0,699634.0,0.0,36445880.0
Brazil,2023-03-24,37145514.0,0.0,699634.0,0.0,36445880.0
Brazil,2023-03-25,37145514.0,0.0,699634.0,0.0,36445880.0
Brazil,2023-03-26,37204677.0,59163.0,699917.0,283.0,36504760.0
Brazil,2023-03-27,37204677.0,0.0,699917.0,0.0,36504760.0
Brazil,2023-03-28,37204677.0,0.0,699917.0,0.0,36504760.0
Brazil,2023-03-29,37204677.0,0.0,699917.0,0.0,36504760.0
Brazil,2023-03-30,37204677.0,0.0,699917.0,0.0,36504760.0
Brazil,2023-03-31,37204677.0,0.0,699917.0,0.0,36504760.0
Brazil,2023-04-01,37204677.0,0.0,699917.0,0.0,36504760.0
Brazil,2023-04-02,37258663.0,53986.0,700239.0,322.0,36558424.0
Brazil,2023-04-03,37258663.0,0.0,700239.0,0.0,36558424.0
Brazil,2023-04-04,37258663.0,0.0,700239.0,0.0,36558424.0
Brazil,2023-04-05,37258663.0,0.0,700239.0,0.0,36558424.0
Brazil,2023-04-06,37258663.0,0.0,700239.0,0.0,36558424.0
Brazil,2023-04-07,37258663.0,0.0,700239.0,0.0,36558424.0
Brazil,2023-04-08,37258663.0,0.0,700239.0,0.0,36558424.0
Brazil,2023-04-09,37319254.0,60591.0,700556.0,317.0,36618698.0
Brazil,2023-04-10,37319254.0,0.0,700556.0,0.0,36618698.0
Brazil,2023-04-11,37319254.0,0.0,700556.0,0.0,36618698.0
Brazil,2023-04-12,37319254.0,0.0,700556.0,0.0,36618698.0
Brazil,2023-04-13,37319254.0,0.0,700556.0,0.0,36618698.0
Brazil,2023-04-14,37319254.0,0.0,700556.0,0.0,36618698.0
Brazil,2023-04-15,37319254.0,0.0,700556.0,0.0,36618698.0
Brazil,2023-04-16,37358092.0,38838.0,700811.0,255.0,36657281.0
Brazil,2023-04-17,37358092.0,0.0,700811.0,0.0,36657281.0
Brazil,2023-04-18,37358092.0,0.0,700811.0,0.0,36657281.0
Brazil,2023-04-19,37358092.0,0.0,700811.0,0.0,36657281.0
Brazil,2023-04-20,37358092.0,0.0,700811.0,0.0,36657281.0
Brazil,2023-04-21,37358092.0,0.0,700811.0,0.0,36657281.0
Brazil,2023-04-22,37358092.0,0.0,700811.0,0.0,36657281.0
Brazil,2023-04-23,37407232.0,49140.0,701215.0,404.0,36706017.0
Brazil,2023-04-24,37407232.0,0.0,701215.0,0.0,36706017.0
Brazil,2023-04-25,37407232.0,0.0,701215.0,0.0,36706017.0
Brazil,2023-04-26,37407232.0,0.0,701215.0,0.0,36706017.0
Brazil,2023-04-27,37407232.0,0.0,701215.0,0.0,36706017.0
Brazil,2023-04-28,37407232.0,0.0,701215.0,0.0,36706017.0
Brazil,2023-04-29,37407232.0,0.0,701215.0,0.0,36706017.0
Brazil,2023-04-30,37449418.0,42186.0,701494.0,279.0,36747924.0
Brazil,2023-05-01,37449418.0,0.0,701494.0,0.0,36747924.0
Brazil,2023-05-02,37449418.0,0.0,701494.0,0.0,36747924.0
Brazil,2023-05-03,37449418.0,0.0,701494.0,0.0,36747924.0
Brazil,2023-05-04,37449418.0,0.0,701494.0,0.0,36747924.0
Brazil,2023-05-05,37449418.0,0.0,701494.0,0.0,36747924.0
Brazil,2023-05-06,37449418.0,0.0,701494.0,0.0,36747924.0
Brazil,2023-05-07,37487971.0,38553.0,701833.0,339.0,36786138.0
Brazil,2023-05-08,37487971.0,0.0,701833.0,0.0,36786138.0
Brazil,2023-05-09,37487971.0,0.0,701833.0,0.0,36786138.0
Brazil,2023-05-10,37487971.0,0.0,701833.0,0.0,36786138.0
Brazil,2023-05-11,37487971.0,0.0,701833.0,0.0,36786138.0
Brazil,2023-05-12,37487971.0,0.0,701833.0,0.0,36786138.0
Brazil,2023-05-13,37487971.0,0.0,701833.0,0.0,36786138.0
Brazil,2023-05-14,37511921.0,23950.0,702116.0,283.0,36809805.0
Brazil,2023-05-15,37511921.0,0.0,702116.0,0.0,36809805.0
Brazil,2023-05-16,37511921.0,0.0,702116.0,0.0,36809805.0
Brazil,2023-05-17,37511921.0,0.0,702116.0,0.0,36809805.0
Brazil,2023-05-18,37511921.0,0.0,702116.0,0.0,36809805.0
Brazil,2023-05-19,37511921.0,0.0,702116.0,0.0,36809805.0
Brazil,2023-05-20,37511921.0,0.0,702116.0,0.0,36809805.0
Brazil,2023-05-21,37511921.0,0.0,702116.0,0.0,36809805.0
Brazil,2023-05-22,37511921.0,0.0,702116.0,0.0,36809805.0
Brazil,2023-05-23,37511921.0,0.0,702116.0,0.0,36809805.0
Brazil,2023-05-24,37511921.0,0.0,702116.0,0.0,36809805.0
Brazil,2023-05-25,37511921.0,0.0,702116.0,0.0,36809805.0
Brazil,2023-05-26,37511921.0,0.0,702116.0,0.0,36809805.0
Brazil,2023-05-27,37511921.0,0.0,702116.0,0.0,36809805.0
Brazil,2023-05-28,37511921.0,0.0,702116.0,0.0,36809805.0
Brazil,2023-05-29,37511921.0,0.0,702116.0,0.0,36809805.0
Brazil,2023-05-30,37511921.0,0.0,702116.0,0.0,36809805.0
Brazil,2023-05-31,37511921.0,0.0,702116.0,0.0,36809805.0
Brazil,2023-06-01,37511921.0,0.0,702116.0,0.0,36809805.0
Brazil,2023-06-02,37511921.0,0.0,702116.0,0.0,36809805.0
Brazil,2023-06-03,37511921.0,0.0,702116.0,0.0,36809805.0
Brazil,2023-06-04,37511921.0,0.0,702116.0,0.0,36809805.0
Brazil,2023-06-05,37511921.0,0.0,702116.0,0.0,36809805.0
Brazil,2023-06-06,37511921.0,0.0,702116.0,0.0,36809805.0
Brazil,2023-06-07,37511921.0,0.0,702116.0,0.0,36809805.0
Brazil,2023-06-08,37511921.0,0.0,702116.0,0.0,36809805.0
Brazil,2023-06-09,37511921.0,0.0,702116.0,0.0,36809805.0
Brazil,2023-06-10,37511921.0,0.0,702116.0,0.0,36809805.0
Brazil,2023-06-11,37511921.0,0.0,702116.0,0.0,36809805.0
Brazil,2023-06-12,37511921.0,0.0,702116.0,0.0,36809805.0
Brazil,2023-06-13,37511921.0,0.0,702116.0,0.0,36809805.0
Brazil,2023-06-14,37511921.0,0.0,702116.0,0.0,36809805.0
Brazil,2023-06-15,37511921.0,0.0,702116.0,0.0,36809805.0
Brazil,2023-06-16,37511921.0,0.0,702116.0,0.0,36809805.0
Brazil,2023-06-17,37511921.0,0.0,702116.0,0.0,36809805.0
Brazil,2023-06-18,37511921.0,0.0,702116.0,0.0,36809805.0
Brazil,2023-06-19,37511921.0,0.0,702116.0,0.0,36809805.0
Brazil,2023-06-20,37511921.0,0.0,702116.0,0.0,36809805.0
Brazil,2023-06-21,37511921.0,0.0,702116.0,0.0,36809805.0
Brazil,2023-06-22,37511921.0,0.0,702116.0,0.0,36809805.0
Brazil,2023-06-23,37511921.0,0.0,702116.0,0.0,36809805.0
Brazil,2023-06-24,37511921.0,0.0,702116.0,0.0,36809805.0
Brazil,2023-06-25,37511921.0,0.0,702116.0,0.0,36809805.0
Brazil,2023-06-26,37511921.0,0.0,702116.0,0.0,36809805.0
Brazil,2023-06-27,37511921.0,0.0,702116.0,0.0,36809805.0
Brazil,2023-06-28,37511921.0,0.0,702116.0,0.0,36809805.0
Brazil,2023-06-29,37511921.0,0.0,702116.0,0.0,36809805.0
Brazil,2023-06-30,37511921.0,0.0,702116.0,0.0,36809805.0
Brazil,2023-07-01,37511921.0,0.0,702116.0,0.0,36809805.0
Brazil,2023-07-02,37511921.0,0.0,702116.0,0.0,36809805.0
Brazil,2023-07-03,37511921.0,0.0,702116.0,0.0,36809805.0
Brazil,2023-07-04,37511921.0,0.0,702116.0,0.0,36809805.0
Brazil,2023-07-05,37511921.0,0.0,702116.0,0.0,36809805.0
Brazil,2023-07-06,37511921.0,0.0,702116.0,0.0,36809805.0
Brazil,2023-07-07,37511921.0,0.0,702116.0,0.0,36809805.0
Brazil,2023-07-08,37511921.0,0.0,702116.0,0.0,36809805.0
Brazil,2023-07-09,37511921.0,0.0,702116.0,0.0,36809805.0
Brazil,2023-07-10,37511921.0,0.0,702116.0,0.0,36809805.0
Brazil,2023-07-11,37511921.0,0.0,702116.0,0.0,36809805.0
Brazil,2023-07-12,37511921.0,0.0,702116.0,0.0,36809805.0
Brazil,2023-07-13,37511921.0,0.0,702116.0,0.0,36809805.0
Brazil,2023-07-14,37511921.0,0.0,702116.0,0.0,36809805.0
Brazil,2023-07-15,37511921.0,0.0,702116.0,0.0,36809805.0
Brazil,2023-07-16,37511921.0,0.0,702116.0,0.0,36809805.0
Brazil,2023-07-17,37511921.0,0.0,702116.0,0.0,36809805.0
Brazil,2023-07-18,37511921.0,0.0,702116.0,0.0,36809805.0
Brazil,2023-07-19,37511921.0,0.0,702116.0,0.0,36809805.0
Brazil,2023-07-20,37511921.0,0.0,702116.0,0.0,36809805.0
Brazil,2023-07-21,37511921.0,0.0,702116.0,0.0,36809805.0
Brazil,2023-07-22,37511921.0,0.0,702116.0,0.0,36809805.0
Brazil,2023-07-23,37511921.0,0.0,702116.0,0.0,36809805.0
Brazil,2023-07-24,37511921.0,0.0,702116.0,0.0,36809805.0
Brazil,2023-07-25,37511921.0,0.0,702116.0,0.0,36809805.0
Brazil,2023-07-26,37511921.0,0.0,702116.0,0.0,36809805.0
Brazil,2023-07-27,37511921.0,0.0,702116.0,0.0,36809805.0
Brazil,2023-07-28,37511921.0,0.0,702116.0,0.0,36809805.0
Brazil,2023-07-29,37511921.0,0.0,702116.0,0.0,36809805.0
Brazil,2023-07-30,37511921.0,0.0,702116.0,0.0,36809805.0
Brazil,2023-07-31,37511921.0,0.0,702116.0,0.0,36809805.0
Brazil,2023-08-01,37511921.0,0.0,702116.0,0.0,36809805.0
Brazil,2023-08-02,37511921.0,0.0,702116.0,0.0,36809805.0
Brazil,2023-08-03,37511921.0,0.0,702116.0,0.0,36809805.0
Brazil,2023-08-04,37511921.0,0.0,702116.0,0.0,36809805.0
Brazil,2023-08-05,37511921.0,0.0,702116.0,0.0,36809805.0
Brazil,2023-08-06,37511921.0,0.0,702116.0,0.0,36809805.0
Brazil,2023-08-07,37511921.0,0.0,702116.0,0.0,36809805.0
Brazil,2023-08-08,37511921.0,0.0,702116.0,0.0,36809805.0
Brazil,2023-08-09,37511921.0,0.0,702116.0,0.0,36809805.0
Brazil,2023-08-10,37511921.0,0.0,702116.0,0.0,36809805.0
Brazil,2023-08-11,37511921.0,0.0,702116.0,0.0,36809805.0
Brazil,2023-08-12,37511921.0,0.0,702116.0,0.0,36809805.0
Brazil,2023-08-13,37511921.0,0.0,702116.0,0.0,36809805.0
Brazil,2023-08-14,37511921.0,0.0,702116.0,0.0,36809805.0
Brazil,2023-08-15,37511921.0,0.0,702116.0,0.0,36809805.0
Brazil,2023-08-16,37511921.0,0.0,702116.0,0.0,36809805.0
Brazil,2023-08-17,37511921.0,0.0,702116.0,0.0,36809805.0
Brazil,2023-08-18,37511921.0,0.0,702116.0,0.0,36809805.0
Brazil,2023-08-19,37511921.0,0.0,702116.0,0.0,36809805.0
Brazil,2023-08-20,37511921.0,0.0,702116.0,0.0,36809805.0
Brazil,2023-08-21,37511921.0,0.0,702116.0,0.0,36809805.0
Brazil,2023-08-22,37511921.0,0.0,702116.0,0.0,36809805.0
Brazil,2023-08-23,37511921.0,0.0,702116.0,0.0,36809805.0
Brazil,2023-08-24,37511921.0,0.0,702116.0,0.0,36809805.0
Brazil,2023-08-25,37511921.0,0.0,702116.0,0.0,36809805.0
Brazil,2023-08-26,37511921.0,0.0,702116.0,0.0,36809805.0
Brazil,2023-08-27,37511921.0,0.0,702116.0,0.0,36809805.0
Brazil,2023-08-28,37511921.0,0.0,702116.0,0.0,36809805.0
Brazil,2023-08-29,37511921.0,0.0,702116.0,0.0,36809805.0
Brazil,2023-08-30,37511921.0,0.0,702116.0,0.0,36809805.0
Brazil,2023-08-31,37511921.0,0.0,702116.0,0.0,36809805.0
Brazil,2023-09-01,37511921.0,0.0,702116.0,0.0,36809805.0
Brazil,2023-09-02,37511921.0,0.0,702116.0,0.0,36809805.0
Brazil,2023-09-03,37511921.0,0.0,702116.0,0.0,36809805.0
Brazil,2023-09-04,37511921.0,0.0,702116.0,0.0,36809805.0
Brazil,2023-09-05,37511921.0,0.0,702116.0,0.0,36809805.0
Brazil,2023-09-06,37511921.0,0.0,702116.0,0.0,36809805.0
Brazil,2023-09-07,37511921.0,0.0,702116.0,0.0,36809805.0
Brazil,2023-09-08,37511921.0,0.0,702116.0,0.0,36809805.0
Brazil,2023-09-09,37511921.0,0.0,702116.0,0.0,36809805.0
Brazil,2023-09-10,37511921.0,0.0,702116.0,0.0,36809805.0
Brazil,2023-09-11,37511921.0,0.0,702116.0,0.0,36809805.0
Brazil,2023-09-12,37511921.0,0.0,702116.0,0.0,36809805.0
Brazil,2023-09-13,37511921.0,0.0,702116.0,0.0,36809805.0
Brazil,2023-09-14,37511921.0,0.0,702116.0,0.0,36809805.0
Brazil,2023-09-15,37511921.0,0.0,702116.0,0.0,36809805.0
Brazil,2023-09-16,37511921.0,0.0,702116.0,0.0,36809805.0
Brazil,2023-09-17,37511921.0,0.0,702116.0,0.0,36809805.0
Brazil,2023-09-18,37511921.0,0.0,702116.0,0.0,36809805.0
Brazil,2023-09-19,37511921.0,0.0,702116.0,0.0,36809805.0
Brazil,2023-09-20,37511921.0,0.0,702116.0,0.0,36809805.0
Brazil,2023-09-21,37511921.0,0.0,702116.0,0.0,36809805.0
Brazil,2023-09-22,37511921.0,0.0,702116.0,0.0,36809805.0
Brazil,2023-09-23,37511921.0,0.0,702116.0,0.0,36809805.0
Brazil,2023-09-24,37511921.0,0.0,702116.0,0.0,36809805.0
Brazil,2023-09-25,37511921.0,0.0,702116.0,0.0,36809805.0
Brazil,2023-09-26,37511921.0,0.0,702116.0,0.0,36809805.0
Brazil,2023-09-27,37511921.0,0.0,702116.0,0.0,36809805.0
Brazil,2023-09-28,37511921.0,0.0,702116.0,0.0,36809805.0
Brazil,2023-09-29,37511921.0,0.0,702116.0,0.0,36809805.0
Brazil,2023-09-30,37511921.0,0.0,702116.0,0.0,36809805.0
Brazil,2023-10-01,37511921.0,0.0,702116.0,0.0,36809805.0
Brazil,2023-10-02,37511921.0,0.0,702116.0,0.0,36809805.0
Brazil,2023-10-03,37511921.0,0.0,702116.0,0.0,36809805.0
Brazil,2023-10-04,37511921.0,0.0,702116.0,0.0,36809805.0
Brazil,2023-10-05,37511921.0,0.0,702116.0,0.0,36809805.0
Brazil,2023-10-06,37511921.0,0.0,702116.0,0.0,36809805.0
Brazil,2023-10-07,37511921.0,0.0,702116.0,0.0,36809805.0
Brazil,2023-10-08,37511921.0,0.0,702116.0,0.0,36809805.0
Brazil,2023-10-09,37511921.0,0.0,702116.0,0.0,36809805.0
Brazil,2023-10-10,37511921.0,0.0,702116.0,0.0,36809805.0
Brazil,2023-10-11,37511921.0,0.0,702116.0,0.0,36809805.0
Brazil,2023-10-12,37511921.0,0.0,702116.0,0.0,36809805.0
Brazil,2023-10-13,37511921.0,0.0,702116.0,0.0,36809805.0
Brazil,2023-10-14,37511921.0,0.0,702116.0,0.0,36809805.0
Brazil,2023-10-15,37511921.0,0.0,702116.0,0.0,36809805.0
Brazil,2023-10-16,37511921.0,0.0,702116.0,0.0,36809805.0
Brazil,2023-10-17,37511921.0,0.0,702116.0,0.0,36809805.0
Brazil,2023-10-18,37511921.0,0.0,702116.0,0.0,36809805.0
Brazil,2023-10-19,37511921.0,0.0,702116.0,0.0,36809805.0
Brazil,2023-10-20,37511921.0,0.0,702116.0,0.0,36809805.0
Brazil,2023-10-21,37511921.0,0.0,702116.0,0.0,36809805.0
Brazil,2023-10-22,37511921.0,0.0,702116.0,0.0,36809805.0
Brazil,2023-10-23,37511921.0,0.0,702116.0,0.0,36809805.0
Brazil,2023-10-24,37511921.0,0.0,702116.0,0.0,36809805.0
Brazil,2023-10-25,37511921.0,0.0,702116.0,0.0,36809805.0
Brazil,2023-10-26,37511921.0,0.0,702116.0,0.0,36809805.0
Brazil,2023-10-27,37511921.0,0.0,702116.0,0.0,36809805.0
Brazil,2023-10-28,37511921.0,0.0,702116.0,0.0,36809805.0
Brazil,2023-10-29,37511921.0,0.0,702116.0,0.0,36809805.0
Brazil,2023-10-30,37511921.0,0.0,702116.0,0.0,36809805.0
Brazil,2023-10-31,37511921.0,0.0,702116.0,0.0,36809805.0
Brazil,2023-11-01,37511921.0,0.0,702116.0,0.0,36809805.0
Brazil,2023-11-02,37511921.0,0.0,702116.0,0.0,36809805.0
Brazil,2023-11-03,37511921.0,0.0,702116.0,0.0,36809805.0
Brazil,2023-11-04,37511921.0,0.0,702116.0,0.0,36809805.0
Brazil,2023-11-05,37511921.0,0.0,702116.0,0.0,36809805.0
Brazil,2023-11-06,37511921.0,0.0,702116.0,0.0,36809805.0
Brazil,2023-11-07,37511921.0,0.0,702116.0,0.0,36809805.0
Brazil,2023-11-08,37511921.0,0.0,702116.0,0.0,36809805.0
Brazil,2023-11-09,37511921.0,0.0,702116.0,0.0,36809805.0
Brazil,2023-11-10,37511921.0,0.0,702116.0,0.0,36809805.0
Brazil,2023-11-11,37511921.0,0.0,702116.0,0.0,36809805.0
Brazil,2023-11-12,37511921.0,0.0,702116.0,0.0,36809805.0
Brazil,2023-11-13,37511921.0,0.0,702116.0,0.0,36809805.0
Brazil,2023-11-14,37511921.0,0.0,702116.0,0.0,36809805.0
Brazil,2023-11-15,37511921.0,0.0,702116.0,0.0,36809805.0
Brazil,2023-11-16,37511921.0,0.0,702116.0,0.0,36809805.0
Brazil,2023-11-17,37511921.0,0.0,702116.0,0.0,36809805.0
Brazil,2023-11-18,37511921.0,0.0,702116.0,0.0,36809805.0
Brazil,2023-11-19,37511921.0,0.0,702116.0,0.0,36809805.0
Brazil,2023-11-20,37511921.0,0.0,702116.0,0.0,36809805.0
Brazil,2023-11-21,37511921.0,0.0,702116.0,0.0,36809805.0
Brazil,2023-11-22,37511921.0,0.0,702116.0,0.0,36809805.0
Brazil,2023-11-23,37511921.0,0.0,702116.0,0.0,36809805.0
Brazil,2023-11-24,37511921.0,0.0,702116.0,0.0,36809805.0
Brazil,2023-11-25,37511921.0,0.0,702116.0,0.0,36809805.0
Brazil,2023-11-26,37511921.0,0.0,702116.0,0.0,36809805.0
Brazil,2023-11-27,37511921.0,0.0,702116.0,0.0,36809805.0
Brazil,2023-11-28,37511921.0,0.0,702116.0,0.0,36809805.0
Brazil,2023-11-29,37511921.0,0.0,702116.0,0.0,36809805.0
Brazil,2023-11-30,37511921.0,0.0,702116.0,0.0,36809805.0
Brazil,2023-12-01,37511921.0,0.0,702116.0,0.0,36809805.0
Brazil,2023-12-02,37511921.0,0.0,702116.0,0.0,36809805.0
Brazil,2023-12-03,37511921.0,0.0,702116.0,0.0,36809805.0
Brazil,2023-12-04,37511921.0,0.0,702116.0,0.0,36809805.0
Brazil,2023-12-05,37511921.0,0.0,702116.0,0.0,36809805.0
Brazil,2023-12-06,37511921.0,0.0,702116.0,0.0,36809805.0
Brazil,2023-12-07,37511921.0,0.0,702116.0,0.0,36809805.0
Brazil,2023-12-08,37511921.0,0.0,702116.0,0.0,36809805.0
Brazil,2023-12-09,37511921.0,0.0,702116.0,0.0,36809805.0
Brazil,2023-12-10,37511921.0,0.0,702116.0,0.0,36809805.0
Brazil,2023-12-11,37511921.0,0.0,702116.0,0.0,36809805.0
Brazil,2023-12-12,37511921.0,0.0,702116.0,0.0,36809805.0
Brazil,2023-12-13,37511921.0,0.0,702116.0,0.0,36809805.0
Brazil,2023-12-14,37511921.0,0.0,702116.0,0.0,36809805.0
Brazil,2023-12-15,37511921.0,0.0,702116.0,0.0,36809805.0
Brazil,2023-12-16,37511921.0,0.0,702116.0,0.0,36809805.0
Brazil,2023-12-17,37511921.0,0.0,702116.0,0.0,36809805.0
Brazil,2023-12-18,37511921.0,0.0,702116.0,0.0,36809805.0
Brazil,2023-12-19,37511921.0,0.0,702116.0,0.0,36809805.0
Brazil,2023-12-20,37511921.0,0.0,702116.0,0.0,36809805.0
Brazil,2023-12-21,37511921.0,0.0,702116.0,0.0,36809805.0
Brazil,2023-12-22,37511921.0,0.0,702116.0,0.0,36809805.0
Brazil,2023-12-23,37511921.0,0.0,702116.0,0.0,36809805.0
Brazil,2023-12-24,37511921.0,0.0,702116.0,0.0,36809805.0
Brazil,2023-12-25,37511921.0,0.0,702116.0,0.0,36809805.0
Brazil,2023-12-26,37511921.0,0.0,702116.0,0.0,36809805.0
Brazil,2023-12-27,37511921.0,0.0,702116.0,0.0,36809805.0
Brazil,2023-12-28,37511921.0,0.0,702116.0,0.0,36809805.0
Brazil,2023-12-29,37511921.0,0.0,702116.0,0.0,36809805.0
Brazil,2023-12-30,37511921.0,0.0,702116.0,0.0,36809805.0
Brazil,2023-12-31,37511921.0,0.0,702116.0,0.0,36809805.0
Brazil,2024-01-01,37511921.0,0.0,702116.0,0.0,36809805.0
Brazil,2024-01-02,37511921.0,0.0,702116.0,0.0,36809805.0
Brazil,2024-01-03,37511921.0,0.0,702116.0,0.0,36809805.0
Brazil,2024-01-04,37511921.0,0.0,702116.0,0.0,36809805.0
Brazil,2024-01-05,37511921.0,0.0,702116.0,0.0,36809805.0
Brazil,2024-01-06,37511921.0,0.0,702116.0,0.0,36809805.0
Brazil,2024-01-07,37511921.0,0.0,702116.0,0.0,36809805.0
Brazil,2024-01-08,37511921.0,0.0,702116.0,0.0,36809805.0
Brazil,2024-01-09,37511921.0,0.0,702116.0,0.0,36809805.0
Brazil,2024-01-10,37511921.0,0.0,702116.0,0.0,36809805.0
Brazil,2024-01-11,37511921.0,0.0,702116.0,0.0,36809805.0
Brazil,2024-01-12,37511921.0,0.0,702116.0,0.0,36809805.0
Brazil,2024-01-13,37511921.0,0.0,702116.0,0.0,36809805.0
Brazil,2024-01-14,37511921.0,0.0,702116.0,0.0,36809805.0
Brazil,2024-01-15,37511921.0,0.0,702116.0,0.0,36809805.0
Brazil,2024-01-16,37511921.0,0.0,702116.0,0.0,36809805.0
Brazil,2024-01-17,37511921.0,0.0,702116.0,0.0,36809805.0
Brazil,2024-01-18,37511921.0,0.0,702116.0,0.0,36809805.0
Brazil,2024-01-19,37511921.0,0.0,702116.0,0.0,36809805.0
Brazil,2024-01-20,37511921.0,0.0,702116.0,0.0,36809805.0
Brazil,2024-01-21,37511921.0,0.0,702116.0,0.0,36809805.0
Brazil,2024-01-22,37511921.0,0.0,702116.0,0.0,36809805.0
Brazil,2024-01-23,37511921.0,0.0,702116.0,0.0,36809805.0
Brazil,2024-01-24,37511921.0,0.0,702116.0,0.0,36809805.0
Brazil,2024-01-25,37511921.0,0.0,702116.0,0.0,36809805.0
Brazil,2024-01-26,37511921.0,0.0,702116.0,0.0,36809805.0
Brazil,2024-01-27,37511921.0,0.0,702116.0,0.0,36809805.0
Brazil,2024-01-28,37511921.0,0.0,702116.0,0.0,36809805.0
Brazil,2024-01-29,37511921.0,0.0,702116.0,0.0,36809805.0
Brazil,2024-01-30,37511921.0,0.0,702116.0,0.0,36809805.0
Brazil,2024-01-31,37511921.0,0.0,702116.0,0.0,36809805.0
Brazil,2024-02-01,37511921.0,0.0,702116.0,0.0,36809805.0
Brazil,2024-02-02,37511921.0,0.0,702116.0,0.0,36809805.0
Brazil,2024-02-03,37511921.0,0.0,702116.0,0.0,36809805.0
Brazil,2024-02-04,37511921.0,0.0,702116.0,0.0,36809805.0
Brazil,2024-02-05,37511921.0,0.0,702116.0,0.0,36809805.0
Brazil,2024-02-06,37511921.0,0.0,702116.0,0.0,36809805.0
Brazil,2024-02-07,37511921.0,0.0,702116.0,0.0,36809805.0
Brazil,2024-02-08,37511921.0,0.0,702116.0,0.0,36809805.0
Brazil,2024-02-09,37511921.0,0.0,702116.0,0.0,36809805.0
Brazil,2024-02-10,37511921.0,0.0,702116.0,0.0,36809805.0
Brazil,2024-02-11,37511921.0,0.0,702116.0,0.0,36809805.0
Brazil,2024-02-12,37511921.0,0.0,702116.0,0.0,36809805.0
Brazil,2024-02-13,37511921.0,0.0,702116.0,0.0,36809805.0
Brazil,2024-02-14,37511921.0,0.0,702116.0,0.0,36809805.0
Brazil,2024-02-15,37511921.0,0.0,702116.0,0.0,36809805.0
Brazil,2024-02-16,37511921.0,0.0,702116.0,0.0,36809805.0
Brazil,2024-02-17,37511921.0,0.0,702116.0,0.0,36809805.0
Brazil,2024-02-18,37511921.0,0.0,702116.0,0.0,36809805.0
Brazil,2024-02-19,37511921.0,0.0,702116.0,0.0,36809805.0
Brazil,2024-02-20,37511921.0,0.0,702116.0,0.0,36809805.0
Brazil,2024-02-21,37511921.0,0.0,702116.0,0.0,36809805.0
Brazil,2024-02-22,37511921.0,0.0,702116.0,0.0,36809805.0
Brazil,2024-02-23,37511921.0,0.0,702116.0,0.0,36809805.0
Brazil,2024-02-24,37511921.0,0.0,702116.0,0.0,36809805.0
Brazil,2024-02-25,37511921.0,0.0,702116.0,0.0,36809805.0
Brazil,2024-02-26,37511921.0,0.0,702116.0,0.0,36809805.0
Brazil,2024-02-27,37511921.0,0.0,702116.0,0.0,36809805.0
Brazil,2024-02-28,37511921.0,0.0,702116.0,0.0,36809805.0
Brazil,2024-02-29,37511921.0,0.0,702116.0,0.0,36809805.0
Brazil,2024-03-01,37511921.0,0.0,702116.0,0.0,36809805.0
Brazil,2024-03-02,37511921.0,0.0,702116.0,0.0,36809805.0
Brazil,2024-03-03,37511921.0,0.0,702116.0,0.0,36809805.0
Brazil,2024-03-04,37511921.0,0.0,702116.0,0.0,36809805.0
Brazil,2024-03-05,37511921.0,0.0,702116.0,0.0,36809805.0
Brazil,2024-03-06,37511921.0,0.0,702116.0,0.0,36809805.0
Brazil,2024-03-07,37511921.0,0.0,702116.0,0.0,36809805.0
Brazil,2024-03-08,37511921.0,0.0,702116.0,0.0,36809805.0
Brazil,2024-03-09,37511921.0,0.0,702116.0,0.0,36809805.0
Brazil,2024-03-10,37511921.0,0.0,702116.0,0.0,36809805.0
Brazil,2024-03-11,37511921.0,0.0,702116.0,0.0,36809805.0
Brazil,2024-03-12,37511921.0,0.0,702116.0,0.0,36809805.0
Brazil,2024-03-13,37511921.0,0.0,702116.0,0.0,36809805.0
Brazil,2024-03-14,37511921.0,0.0,702116.0,0.0,36809805.0
Brazil,2024-03-15,37511921.0,0.0,702116.0,0.0,36809805.0
Brazil,2024-03-16,37511921.0,0.0,702116.0,0.0,36809805.0
Brazil,2024-03-17,37511921.0,0.0,702116.0,0.0,36809805.0
Brazil,2024-03-18,37511921.0,0.0,702116.0,0.0,36809805.0
Brazil,2024-03-19,37511921.0,0.0,702116.0,0.0,36809805.0
Brazil,2024-03-20,37511921.0,0.0,702116.0,0.0,36809805.0
Brazil,2024-03-21,37511921.0,0.0,702116.0,0.0,36809805.0
Brazil,2024-03-22,37511921.0,0.0,702116.0,0.0,36809805.0
Brazil,2024-03-23,37511921.0,0.0,702116.0,0.0,36809805.0
Brazil,2024-03-24,37511921.0,0.0,702116.0,0.0,36809805.0
Brazil,2024-03-25,37511921.0,0.0,702116.0,0.0,36809805.0
Brazil,2024-03-26,37511921.0,0.0,702116.0,0.0,36809805.0
Brazil,2024-03-27,37511921.0,0.0,702116.0,0.0,36809805.0
Brazil,2024-03-28,37511921.0,0.0,702116.0,0.0,36809805.0
Brazil,2024-03-29,37511921.0,0.0,702116.0,0.0,36809805.0
Brazil,2024-03-30,37511921.0,0.0,702116.0,0.0,36809805.0
Brazil,2024-03-31,37511921.0,0.0,702116.0,0.0,36809805.0
Brazil,2024-04-01,37511921.0,0.0,702116.0,0.0,36809805.0
Brazil,2024-04-02,37511921.0,0.0,702116.0,0.0,36809805.0
Brazil,2024-04-03,37511921.0,0.0,702116.0,0.0,36809805.0
Brazil,2024-04-04,37511921.0,0.0,702116.0,0.0,36809805.0
Brazil,2024-04-05,37511921.0,0.0,702116.0,0.0,36809805.0
Brazil,2024-04-06,37511921.0,0.0,702116.0,0.0,36809805.0
Brazil,2024-04-07,37511921.0,0.0,702116.0,0.0,36809805.0
Brazil,2024-04-08,37511921.0,0.0,702116.0,0.0,36809805.0
Brazil,2024-04-09,37511921.0,0.0,702116.0,0.0,36809805.0
Brazil,2024-04-10,37511921.0,0.0,702116.0,0.0,36809805.0
Brazil,2024-04-11,37511921.0,0.0,702116.0,0.0,36809805.0
Brazil,2024-04-12,37511921.0,0.0,702116.0,0.0,36809805.0
Brazil,2024-04-13,37511921.0,0.0,702116.0,0.0,36809805.0
Brazil,2024-04-14,37511921.0,0.0,702116.0,0.0,36809805.0
Brazil,2024-04-15,37511921.0,0.0,702116.0,0.0,36809805.0
Brazil,2024-04-16,37511921.0,0.0,702116.0,0.0,36809805.0
Brazil,2024-04-17,37511921.0,0.0,702116.0,0.0,36809805.0
Brazil,2024-04-18,37511921.0,0.0,702116.0,0.0,36809805.0
Brazil,2024-04-19,37511921.0,0.0,702116.0,0.0,36809805.0
Brazil,2024-04-20,37511921.0,0.0,702116.0,0.0,36809805.0
Brazil,2024-04-21,37511921.0,0.0,702116.0,0.0,36809805.0
Brazil,2024-04-22,37511921.0,0.0,702116.0,0.0,36809805.0
Brazil,2024-04-23,37511921.0,0.0,702116.0,0.0,36809805.0
Brazil,2024-04-24,37511921.0,0.0,702116.0,0.0,36809805.0
Brazil,2024-04-25,37511921.0,0.0,702116.0,0.0,36809805.0
Brazil,2024-04-26,37511921.0,0.0,702116.0,0.0,36809805.0
Brazil,2024-04-27,37511921.0,0.0,702116.0,0.0,36809805.0
Brazil,2024-04-28,37511921.0,0.0,702116.0,0.0,36809805.0
Brazil,2024-04-29,37511921.0,0.0,702116.0,0.0,36809805.0
Brazil,2024-04-30,37511921.0,0.0,702116.0,0.0,36809805.0
Brazil,2024-05-01,37511921.0,0.0,702116.0,0.0,36809805.0
Brazil,2024-05-02,37511921.0,0.0,702116.0,0.0,36809805.0
Brazil,2024-05-03,37511921.0,0.0,702116.0,0.0,36809805.0
Brazil,2024-05-04,37511921.0,0.0,702116.0,0.0,36809805.0
Brazil,2024-05-05,37511921.0,0.0,702116.0,0.0,36809805.0
Brazil,2024-05-06,37511921.0,0.0,702116.0,0.0,36809805.0
Brazil,2024-05-07,37511921.0,0.0,702116.0,0.0,36809805.0
Brazil,2024-05-08,37511921.0,0.0,702116.0,0.0,36809805.0
Brazil,2024-05-09,37511921.0,0.0,702116.0,0.0,36809805.0
Brazil,2024-05-10,37511921.0,0.0,702116.0,0.0,36809805.0
Brazil,2024-05-11,37511921.0,0.0,702116.0,0.0,36809805.0
Brazil,2024-05-12,37511921.0,0.0,702116.0,0.0,36809805.0
Brazil,2024-05-13,37511921.0,0.0,702116.0,0.0,36809805.0
Brazil,2024-05-14,37511921.0,0.0,702116.0,0.0,36809805.0
Brazil,2024-05-15,37511921.0,0.0,702116.0,0.0,36809805.0
Brazil,2024-05-16,37511921.0,0.0,702116.0,0.0,36809805.0
Brazil,2024-05-17,37511921.0,0.0,702116.0,0.0,36809805.0
Brazil,2024-05-18,37511921.0,0.0,702116.0,0.0,36809805.0
Brazil,2024-05-19,37511921.0,0.0,702116.0,0.0,36809805.0
Brazil,2024-05-20,37511921.0,0.0,702116.0,0.0,36809805.0
Brazil,2024-05-21,37511921.0,0.0,702116.0,0.0,36809805.0
Brazil,2024-05-22,37511921.0,0.0,702116.0,0.0,36809805.0
Brazil,2024-05-23,37511921.0,0.0,702116.0,0.0,36809805.0
Brazil,2024-05-24,37511921.0,0.0,702116.0,0.0,36809805.0
Brazil,2024-05-25,37511921.0,0.0,702116.0,0.0,36809805.0
Brazil,2024-05-26,37511921.0,0.0,702116.0,0.0,36809805.0
Brazil,2024-05-27,37511921.0,0.0,702116.0,0.0,36809805.0
Brazil,2024-05-28,37511921.0,0.0,702116.0,0.0,36809805.0
Brazil,2024-05-29,37511921.0,0.0,702116.0,0.0,36809805.0
Brazil,2024-05-30,37511921.0,0.0,702116.0,0.0,36809805.0
Brazil,2024-05-31,37511921.0,0.0,702116.0,0.0,36809805.0
Brazil,2024-06-01,37511921.0,0.0,702116.0,0.0,36809805.0
Brazil,2024-06-02,37511921.0,0.0,702116.0,0.0,36809805.0
Brazil,2024-06-03,37511921.0,0.0,702116.0,0.0,36809805.0
Brazil,2024-06-04,37511921.0,0.0,702116.0,0.0,36809805.0
Brazil,2024-06-05,37511921.0,0.0,702116.0,0.0,36809805.0
Brazil,2024-06-06,37511921.0,0.0,702116.0,0.0,36809805.0
Brazil,2024-06-07,37511921.0,0.0,702116.0,0.0,36809805.0
Brazil,2024-06-08,37511921.0,0.0,702116.0,0.0,36809805.0
Brazil,2024-06-09,37511921.0,0.0,702116.0,0.0,36809805.0
Brazil,2024-06-10,37511921.0,0.0,702116.0,0.0,36809805.0
Brazil,2024-06-11,37511921.0,0.0,702116.0,0.0,36809805.0
Brazil,2024-06-12,37511921.0,0.0,702116.0,0.0,36809805.0
Brazil,2024-06-13,37511921.0,0.0,702116.0,0.0,36809805.0
Brazil,2024-06-14,37511921.0,0.0,702116.0,0.0,36809805.0
Brazil,2024-06-15,37511921.0,0.0,702116.0,0.0,36809805.0
Brazil,2024-06-16,37511921.0,0.0,702116.0,0.0,36809805.0
Brazil,2024-06-17,37511921.0,0.0,702116.0,0.0,36809805.0
Brazil,2024-06-18,37511921.0,0.0,702116.0,0.0,36809805.0
Brazil,2024-06-19,37511921.0,0.0,702116.0,0.0,36809805.0
Brazil,2024-06-20,37511921.0,0.0,702116.0,0.0,36809805.0
Brazil,2024-06-21,37511921.0,0.0,702116.0,0.0,36809805.0
Brazil,2024-06-22,37511921.0,0.0,702116.0,0.0,36809805.0
Brazil,2024-06-23,37511921.0,0.0,702116.0,0.0,36809805.0
Brazil,2024-06-24,37511921.0,0.0,702116.0,0.0,36809805.0
Brazil,2024-06-25,37511921.0,0.0,702116.0,0.0,36809805.0
Brazil,2024-06-26,37511921.0,0.0,702116.0,0.0,36809805.0
Brazil,2024-06-27,37511921.0,0.0,702116.0,0.0,36809805.0
Brazil,2024-06-28,37511921.0,0.0,702116.0,0.0,36809805.0
Brazil,2024-06-29,37511921.0,0.0,702116.0,0.0,36809805.0
Brazil,2024-06-30,37511921.0,0.0,702116.0,0.0,36809805.0
Brazil,2024-07-01,37511921.0,0.0,702116.0,0.0,36809805.0
Brazil,2024-07-02,37511921.0,0.0,702116.0,0.0,36809805.0
Brazil,2024-07-03,37511921.0,0.0,702116.0,0.0,36809805.0
Brazil,2024-07-04,37511921.0,0.0,702116.0,0.0,36809805.0
Brazil,2024-07-05,37511921.0,0.0,702116.0,0.0,36809805.0
Brazil,2024-07-06,37511921.0,0.0,702116.0,0.0,36809805.0
Brazil,2024-07-07,37511921.0,0.0,702116.0,0.0,36809805.0
Brazil,2024-07-08,37511921.0,0.0,702116.0,0.0,36809805.0
Brazil,2024-07-09,37511921.0,0.0,702116.0,0.0,36809805.0
Brazil,2024-07-10,37511921.0,0.0,702116.0,0.0,36809805.0
Brazil,2024-07-11,37511921.0,0.0,702116.0,0.0,36809805.0
Brazil,2024-07-12,37511921.0,0.0,702116.0,0.0,36809805.0
Brazil,2024-07-13,37511921.0,0.0,702116.0,0.0,36809805.0
Brazil,2024-07-14,37511921.0,0.0,702116.0,0.0,36809805.0
Brazil,2024-07-15,37511921.0,0.0,702116.0,0.0,36809805.0
Brazil,2024-07-16,37511921.0,0.0,702116.0,0.0,36809805.0
Brazil,2024-07-17,37511921.0,0.0,702116.0,0.0,36809805.0
Brazil,2024-07-18,37511921.0,0.0,702116.0,0.0,36809805.0
Brazil,2024-07-19,37511921.0,0.0,702116.0,0.0,36809805.0
Brazil,2024-07-20,37511921.0,0.0,702116.0,0.0,36809805.0
Brazil,2024-07-21,37511921.0,0.0,702116.0,0.0,36809805.0
Brazil,2024-07-22,37511921.0,0.0,702116.0,0.0,36809805.0
Brazil,2024-07-23,37511921.0,0.0,702116.0,0.0,36809805.0
Brazil,2024-07-24,37511921.0,0.0,702116.0,0.0,36809805.0
Brazil,2024-07-25,37511921.0,0.0,702116.0,0.0,36809805.0
Brazil,2024-07-26,37511921.0,0.0,702116.0,0.0,36809805.0
Brazil,2024-07-27,37511921.0,0.0,702116.0,0.0,36809805.0
Brazil,2024-07-28,37511921.0,0.0,702116.0,0.0,36809805.0
Brazil,2024-07-29,37511921.0,0.0,702116.0,0.0,36809805.0
Brazil,2024-07-30,37511921.0,0.0,702116.0,0.0,36809805.0
Brazil,2024-07-31,37511921.0,0.0,702116.0,0.0,36809805.0
Brazil,2024-08-01,37511921.0,0.0,702116.0,0.0,36809805.0
Brazil,2024-08-02,37511921.0,0.0,702116.0,0.0,36809805.0
Brazil,2024-08-03,37511921.0,0.0,702116.0,0.0,36809805.0
Brazil,2024-08-04,37511921.0,0.0,702116.0,0.0,36809805.0
